ingredient,form,dose_low,dose_high,unit,outcome_measured,pmid,notes
L-glutamine,free-form,15,15,g,post-infectious IBS-D symptom severity and permeability; 5g TID for 8 weeks (Zhou 2019),30108163,
L-glutamine,free-form,30,,g,"intestinal permeability; meta-analysis found no overall effect, significant reduction only in subgroup >30g/day",39397201,
Zinc carnosine,polaprezinc,75,75,mg,"prevention of NSAID-induced intestinal permeability increase; 37.5mg BID for 5 days, crossover n=10 (Playford 2006); tested prevention not repair",16777920,
Slippery elm,inner bark powder,,,mg,"no adequate human trial identified; RCT-filtered search returns only multi-herb proprietary blends (PMID 29958034, null for GI symptoms) and other Ulmus species",29958034,
Marshmallow root,root extract,,,mg,"no adequate human trial identified for gut outcomes; RCT-filtered search returns candidiasis, cough syrup and topical studies only; remaining evidence is animal and in vitro; PubMed verified 2026-09-07 — 4 records, none testing Althaea root extract on a gut outcome. Trap to avoid: PMID 25951410 is a genuine randomized crossover reporting reduced ileostomy output (n=28), but it tested confectionery marshmallows and attributes the effect to gelatine. It is indexed under Althaea and must not be read as evidence for marshmallow root extract",,
DGL licorice,GutGard branded extract,150,150,mg,"GERD symptoms and quality of life; 75mg BID post-meals for 4 weeks, n=200 (Raj 2025); branded flavonoid-rich DGL standardized to glabridin >=3.5%, does not transfer to generic DGL",39929150,
Collagen peptides,hydrolyzed type I/III,,,g,"no positive-outcome controlled trial identified; 10g/day 7 days null for GI integrity and symptoms, n=20 crossover (PMID 36370176); 20g/day 8wk reported benefit but open-label single-arm, 14/40 completed (PMID 35639457); both studies include authors affiliated with the collagen manufacturer",36370176,
Butyrate,sodium butyrate,,,mg,300mg/day null in pediatric IBD 12wk (Pietrzak 2022); no positive-outcome human trial verified,36014789,
Butyrate,tributyrin,,,mg,"no PubMed-indexed positive-outcome trial identified; a 100-200mg 21-day pilot published outside PubMed reported null results for butyrate levels and microbiome with a triglyceride increase at 200mg; 4g/day depression trial is a protocol with no results; remaining evidence in vitro and animal; PubMed verified 2026-09-07 — only 3 RCT-indexed records exist. The one testing isolated tributyrin (6.53 g, acute meal, n=12) was null for GLP-1, GIP, PYY and neurotensin, the authors concluding dietary butyrate did not stimulate gut hormone secretion (PMID 26178726); the other two embed tributyrin in multi-component immunonutrition feeds and found no benefit (PMID 16832133, 21044933). A 2025 Parkinson's study at 1500 mg/d is open-label, uncontrolled and has no gut outcome (PMID 41271518); the 4 g/d depression protocol is PMID 41248397",26178726,
Berberine,berberine HCl,400,400,mg,"IBS-D diarrhea frequency, abdominal pain, urgency; 8 weeks (Chen 2015; 400mg/day given as 200mg BID)",26400188,
Quercetin,quercetin dihydrate,500,,mg,systemic inflammation (CRP reduction) per meta-analysis at >=500 mg/day (PMID 28537580); no RCTs identified for intestinal permeability — gut-barrier evidence is preclinical only,28537580,
Aloe vera,inner leaf gel,,,mg,"no usable reference range; IBS extract trial null vs inulin control, n=160, dose not stated in abstract (Ahluwalia 2020); positive UC trial used 200mL/day liquid gel (Langmead 2004), not convertible to capsule mg",32314514,
N-acetyl glucosamine,NAG,,,mg,"tested and null; no significant effect on faecal biomarkers of mucosal damage in randomized multi-arm trial, n=24 arm, 14 days (Chandwe 2024, P=0.67); dose not stated in abstract; open-label IBD pilots at 3-6 g/day; Phase 3 IBS-D trial registered at 300mg/day (NCT02504060), no published results located",38632262,
Ashwagandha,root extract standardized,600,600,mg,"stress and serum cortisol reduction; 300mg BID for 60 days, n=64 (Chandrasekhar 2012); extract described as high-concentration full-spectrum, brand not named in paper; no gut-outcome trials identified",23439798,
L-theanine,free-form,200,400,mg,stress and anxiety reduction; 200-400mg/day per systematic review of 9 RCTs (Williams 2020); no gut-outcome trials identified,31758301,
Magnesium,glycinate,,,mg,"no adequate human trial identified for gut outcomes; constipation evidence is for magnesium oxide (PMID 32969946), a different salt; PubMed verified 2026-09-07 — search returns 6 records and none is a human gut-outcome trial: a 1994 bioavailability crossover in ileal-resection patients measuring absorption, not a gut outcome (PMID 7815675); rat ileum motility (PMID 37636381); two Caco-2 cell studies (PMID 32098378, 41599937); a marine-multimineral tolerability trial using bisglycinate only as an in vitro comparator (PMID 38608850); and a single hypomagnesemia case report (PMID 42567449)",,
Magnesium,citrate,,,mg,"no adequate human trial identified for supplement-dose use; available trials are colonoscopy bowel-prep protocols at purgative doses, usually combined with sodium picosulfate",,
Astaxanthin,natural haematococcus,,,mg,no gut-outcome trial identified; human RCTs are for skin ageing (meta-analysis of 9 oral RCTs) and oral submucous fibrosis (5mg BID),,
Piperine,black pepper extract,10,15,mg,"dosed as absorption enhancer, not for an independent outcome; 10mg/day with 1g curcuminoids (PMID 25618800) and 15mg/day (PMID 25688638); excluded from criterion 4 as no trial tests piperine against a gut outcome of its own",25618800,
Curcumin,standardized extract,1500,2000,mg,"UC disease activity and relapse prevention; 1500mg/day 8wk (Sadeghi 2020, PMID 31802559) and 2000mg/day 6mo (Hanai 2006); both as add-on to mesalamine/sulfasalazine",17101300,
Curcumin,Curcugen branded extract,500,500,mg,"general digestive symptoms (GSRS) and anxiety; 500mg once daily 8wk, n=79 (Lopresti 2021); no effect on microbiota or SIBO; branded enhanced-bioavailability extract, does not transfer to standard 95% extract",33478482,
Saccharomyces boulardii,live strain,,,CFU,"excluded from criterion 4 per methodology; antibiotic-associated diarrhoea prevention in children, 250mg BID, n=269, RR 0.3 (Kotowska 2005); dose stated in mg of preparation, not convertible to label CFU",15740542,
Lactobacillus rhamnosus GG,live strain,,,CFU,"excluded from criterion 4 per methodology; probiotic trial dosing is strain-specific and reported inconsistently as mg or CFU, not convertible to label CFU",,
Bifidobacterium longum,live strain,,,CFU,"excluded from criterion 4 per methodology; probiotic trial dosing is strain-specific and reported inconsistently as mg or CFU, not convertible to label CFU",,
Psyllium husk,powder,10,,g,chronic constipation; >10 g/day for >=4 weeks optimal per systematic review and meta-analysis (2022),35816465,
Peppermint oil,enteric-coated,561,561,mg,"IBS abdominal pain; 187mg TID for 8 weeks (Merat 2010; dose inferred from Colpermin formulation, not stated in abstract); largest trials null at 182mg TID",19507027,
Zinc,picolinate,,,mg,no trial identified for this form; permeability normalization reported with zinc sulfate 110mg TID for 8 weeks in Crohn's (Sturniolo 2001); other gut trials use gluconate or elemental zinc in diarrhoea and HIV; doses inconsistently reported as compound vs elemental,,
Magnesium,oxide,1500,1500,mg,"chronic idiopathic constipation; 1.5g MgO daily for 28 days, n=90, 68.3% response vs 11.7% placebo (Morishita 2021); dose stated as MgO compound weight not elemental",32969946,
Xylooligosaccharide,XOS from corn cob,1.4,8,g,"bifidobacteria increase in healthy adults; 1.4 and 2.8 g/d for 8 wk n=32 (Finegold 2014); 5 g/d for 4 wk n=60 (Lecerf 2012, PMID 22264499); 8 g/d for 21 d (Childs 2014, PMID 24661576); 4 g/d T2DM trial (Sheu 2008) not a gut outcome; INU-XOS arm in Lecerf used 1 g XOS + 3 g inulin and does not set the range",24513849,
Inulin,chicory root,12,12,g,"functional constipation; 12 g/d for 4 wk, randomized double-blind placebo-controlled crossover, n=39 Rome III, improved stool frequency and constipation-related quality of life (Puhlmann 2025, BMC Gastroenterol, PMID 41233756); 12 g/d as 3x4 g for 4 wk, randomized double-blind placebo-controlled crossover, n=44, increased stool frequency vs placebo (Micka 2017, Int J Food Sci Nutr 68:82-89, PMID 27492975); both trials used chicory-derived inulin. Not a probiotic: assessed under criterion 4 normally",41233756,
Pomegranate extract,ellagitannin-standardized fruit extract,320,656,mg phenolics,"gut microbiota modulation and reduced endotoxemia in overweight-obese adults; 656 mg phenolics/d for 3 wk crossover n=49 reduced plasma LBP and increased Faecalibacterium, Odoribacter and Butyricicoccus (Gonzalez-Sarrias 2018, PMID 29665619); 320 mg phenolics/d for 1 mo crossover n=50 modulated microbiota in metabolic syndrome but the effect depended on concurrent drug therapy (Cortes-Martin 2021, PMID 33458928); a dose-response trial found 160 mg phenolics/d null, with effects only at 640 mg/d and only in urolithin metabotype B subjects (Gonzalez-Sarrias 2017, PMID 27879044), so 160 mg does not set the range. Doses are phenolic weight, not extract weight: comparing a label to this range requires both the extract weight and a stated standardization percentage",29665619,
Pomegranate extract,"MAPP, as formulated in the DS-01 multi-species synbiotic",400,400,mg extract,"GI quality of life, bloating, gas, abdominal discomfort, constipation and regularity; 400 mg Indian pomegranate extract given with 53.6 billion AFU multi-species probiotic for 6 wk, randomized placebo-controlled n=350 (Allegretti 2026, PMID 41599868); same formulation for 91 d n=32 increased faecal butyrate, urinary urolithin A and microbial diversity (Napier 2025, PMID 40944126). Finished-product trials: the pomegranate component is not tested in isolation, so this range does not transfer to pomegranate extract generally. Several authors of both trials are employees of the manufacturer (Seed Health)",41599868,
