product,brand,asin,criterion_1_exact_dose_disclosed,criterion_2_standardization_pct,criterion_3_chemical_form_named,criterion_4_dose_within_trial_range,criterion_5_coa_publicly_accessible,criterion_6_per_serving_amounts,total_score,notes,capture_date
Physician's CHOICE Probiotics 60 Billion CFU,Physician's Choice,B079H53D2B,0,1,0,0,0,1,2,"30ct variant. C1 0: Probiotic Blend 220 mg and Prebiotic Blend 150 mg give blend totals only, no per-ingredient amounts. C2 1: no standardization-dependent ingredient in the formula. C3 0: ten organisms named to species only (Lacticaseibacillus casei, Lactobacillus acidophilus, ... Lactobacillus bulgaricus), no strain designations, per methodology v1.6. C4 0: Prebiotic Blend totals 150 mg including inulin from Jerusalem artichoke and chicory, an order of magnitude below the 12 g/d inulin reference range even if the blend were entirely inulin; probiotics excluded per methodology. C6 1: serving size 1 capsule and 30 servings per container both stated. C5 0: no publicly accessible third-party certificate of analysis located 2026-09-07 (product page, brand site, site-scoped search, retail listing images); recorded as a negative finding, not a claim that none exists. Panel: captures/physicians-choice-60-billion-panel-2026-09-07.png",2026-09-07
BIOMA Probiotics,BIOMA,B0F5J1XZHC,0,0,0,0,0,1,1,"C1 0: 'Proprietary Probiotic Blend' 29 mg stated as a total only, three organisms undifferentiated. C2 0: iXOS xylooligosaccharide declared as 100 mg of corn cob extract with no XOS purity percentage; commercial XOS is sold at graded purities and the 1.4-8 g/d reference range is expressed as XOS, so potency depends on a percentage the label omits. Judgment call — flagged for review, as the criterion's stated examples are herbal marker compounds. C3 0: Bifidobacterium breve, lactis and longum named to species only, no strain designations, per methodology v1.6. C4 0: XOS 100 mg of extract falls below the 1.4-8 g/d reference range even at 100% purity; tributyrin excluded (no positive-outcome trial identified); probiotics excluded per methodology. C6 1: serving size 2 vegan capsules and 30 servings per container both stated. C5 0: no publicly accessible third-party certificate of analysis located 2026-09-07 (product page, brand site, site-scoped search, retail listing images); recorded as a negative finding, not a claim that none exists. Panel: captures/bioma-probiotics-panel-2026-09-07.png",2026-09-07
Seed DS-01 Daily Synbiotic,Seed,B0CMJR4XGR,0,1,1,0,0,0,2,"C1 0: four probiotic blends disclose blend totals (224/36/36/13 mg) but no per-strain amounts. C2 1: MAPP pomegranate extract stated as >40% polyphenolic + phenolic bioactives — an earned point, not the default. C3 1: all 24 organisms carry strain designations (B. longum SD-BB536-JP, L. rhamnosus HRVD113-US, etc.); first product in the pilot to take this point under v1.6. C4 0 under methodology v1.7. Previously 1, on the DS-01 finished-product trials. Those no longer set the range: they dose a whole multi-ingredient synbiotic, so the GI benefit cannot be attributed to the pomegranate component, and their authors include manufacturer employees while an independent ingredient-level range exists. Scored instead against that independent range — 320-656 mg phenolics — which the label's 400 mg at >40% meets only to a floor of about 160 mg, at or below the dose an independent dose-response trial found null (PMID 27879044). Probiotics excluded per methodology. C6 0: serving size 2 ViaCaps stated but servings per container is absent from the panel. C5 0: no publicly accessible third-party certificate of analysis located 2026-09-07 (product page, brand site, site-scoped search, retail listing images); recorded as a negative finding, not a claim that none exists. Panel: captures/seed-ds-01-panel-2026-09-07.png Listing: captures/seed-ds-01-listing-2026-09-07.png",2026-09-07
Culturelle Pro Strength Probiotics,Culturelle,B08Y66H6B7,1,1,1,0,0,0,3,"60ct variant, Amazon listing B08Y66H6B7. C1 1: both actives carry exact amounts, Lactobacillus rhamnosus GG 46 mg (12 billion CFUs) and Inulin (Chicory Root Extract) 200 mg. No proprietary blend on the panel. First product in the set to take this point. C2 1: no standardization-dependent ingredient. The probiotic is CFU-declared and inulin is named as the compound with its source in parentheses, so the quantified item is the inulin, not an extract of graded purity. This is the distinction from BIOMA, where the label declared 100 mg of corn cob extract rather than a stated XOS weight. C3 1: strain designation present (rhamnosus GG), and inulin is a defined compound with its source named. C4 0: inulin 200 mg against an independent reference range of 12 g/d for functional constipation (Puhlmann 2025, PMID 41233756), roughly sixty times below the studied dose. Probiotics excluded per methodology. C5 0: no publicly accessible third-party certificate of analysis located 2026-09-26 (product page images, culturelle.com, site-scoped search, open web search); recorded as a negative finding, not a claim that none exists. C6 0: serving size 'One (1) Capsule' is stated but servings per container is absent from the Supplement Facts panel, the same failure as Seed DS-01. Panel: captures/culturelle-pro-strength-panel-2026-09-26.png Listing: captures/culturelle-pro-strength-listing-2026-09-26.png",2026-09-26
Nature's Bounty Probiotic Acidophilus,Nature's Bounty,B0014CVXMW,1,1,1,0,0,0,3,"120ct variant, Amazon listing B0014CVXMW. C1 1: the single active carries an exact amount, Lactobacillus acidophilus La-14 0.5 mg (100 million CFU). No proprietary blend. C2 1: no standardization-dependent ingredient in the formula. C3 1: strain designation La-14 is printed, not the species alone. C4 0 under methodology v1.11: every active in this product is a probiotic, so nothing on the panel can be checked against a trial range. The probiotic exclusion removes the comparison, it does not award the point. C5 0: no publicly accessible third-party certificate of analysis located 2026-09-26 (product page images, brand and parent-company pages, open web search); recorded as a negative finding, not a claim that none exists. C6 0: serving size '1 Tablet' is stated but servings per container is absent from the Supplement Facts panel. Panel: captures/natures-bounty-acidophilus-panel-2026-09-26.png Listing: captures/natures-bounty-acidophilus-listing-2026-09-26.png",2026-09-26
Florastor Probiotic,Florastor,B01NB0G1V8,1,1,1,1,0,1,5,"100ct variant, Amazon listing B01NB0G1V8. C1 1: the single active carries an exact amount, Saccharomyces boulardii CNCM I-745 500 mg. No proprietary blend on the panel. C2 1: no standardization-dependent ingredient in the formula. C3 1: CNCM I-745 is a culture depositary designation (Collection Nationale de Cultures de Microorganismes), not a species name or a marketing name. C4 1 under methodology v1.12, the first product in the sample to take this point. The panel declares 500 mg of preparation rather than CFU, so the probiotic unit mismatch does not arise, and 500 mg falls at the floor of the 500-1000 mg/day range set by independent adult trials of this strain (Seddik 2019 PMID 30694338; Sjomina 2023 PMID 37942999; Salazar-Parra 2023 PMID 37400812). Maev 2025 excluded from setting the range under the independence rule: it dosed Enterol, a Biocodex product, and Biocodex manufactures Florastor. The outcome objection is published alongside the v1.12 ruling. C5 0: no publicly accessible third-party certificate of analysis located 2026-09-26. The search covered the 10 listing images, florastor.com navigation and footer (no Quality, Testing, Lab Results or Transparency link exists), the florastor.com FAQ page, and a site-scoped web search for 'certificate of analysis'. Recorded as a negative finding, not a claim that none exists. C6 1: serving size 2 capsules and servings per container 50 are both printed on the panel. First product in the sample to take this point. Panel: captures/florastor-panel-2026-09-26.png Listing: captures/florastor-listing-2026-09-26.png",2026-09-26
Align Probiotic Pro Formula,Align,B08B7BWHJ8,1,1,1,0,0,1,4,"63ct variant, Amazon listing B08B7BWHJ8. C1 1: the single active carries an exact amount, Bifidobacterium longum subsp. longum 35624 10 mg. No proprietary blend. C2 1: no standardization-dependent ingredient in the formula. C3 1: strain designation 35624 is printed, not the species alone. C4 0 under methodology v1.13. The panel declares 1x10^9 CFU at manufacture but guarantees only 1x10^7 through the best-by date, and the through-expiry figure governs. Whorwell 2006 (PMID 16863564, n=362) found 1x10^8 CFU significantly superior to placebo in capsule form while 1x10^6 and 1x10^10 were not, so the guaranteed dose is ten times below the only capsule dose shown to work. Note that the at-manufacture figure of 1x10^9 would have scored 1 under the benefit-of-the-doubt rule; the ruling and the objection to it are published in the methodology. C5 0: no publicly accessible third-party certificate of analysis located 2026-09-27. Search covered the 12 listing images, alignprobiotics.com product and education pages, and a site-scoped web search for 'certificate of analysis'. The alignprobiotics.com footer could not be walked directly because the domain is blocked to this session's browser, so the brand-site leg of the search is weaker here than for other rows. Recorded as a negative finding, not a claim that none exists. C6 1: serving size 1 capsule and servings per container 63 are both printed on the panel. Panel: captures/align-pro-formula-panel-2026-09-27.png Listing: captures/align-pro-formula-listing-2026-09-27.png",2026-09-27
Garden of Life Dr Formulated Probiotics for Men,Garden of Life,B00Y8MP5VA,0,0,0,0,0,1,1,"30ct variant, Amazon listing B00Y8MP5VA. C1 0: two proprietary blends. Men's Daily Probiotic Blend 218 mg lists 15 organisms with no per-organism amounts, and Organic Prebiotic Fiber Blend 365 mg lists Organic Potato [Resistant Starch] and Organic Acacia Fiber with no per-fiber amounts. Only blend totals and aggregate CFU counts are disclosed (Total Lacto 35 Billion, Total Bifido 15 Billion, Total Probiotic Cultures 50 Billion). C2 0: resistant starch is sold at graded RS content and its trials dose in grams of resistant starch, so a percentage is potency-determining under the functional test. Neither the percentage nor the potato starch weight is disclosed, since it sits inside a blend total. This extends the BIOMA judgment one step further, where 100 mg of corn cob extract was at least stated; flagged for review on the same basis. C3 0: all 15 organisms are named to genus and species only (Lactobacillus acidophilus, Bifidobacterium lactis and so on) with no strain designations. The listing markets '15 Clinically Studied Strains' while the panel identifies none of them. C4 0: the probiotics are CFU-declared with no strain designations, so no organism can be matched to a trial even before the unit question arises, and the aggregate count cannot be attributed to any single organism. The prebiotic fibers are disclosed only as a 365 mg blend total, so neither resistant starch nor acacia fiber can be compared to a reference range under the attribution rule. Note on v1.13, amended 2026-09-27: the superscript 1 after '50 Billion CFU' is not defined in the panel image captured for this row. On the sister product rank 30 (Garden of Life Dr. Formulated Kids+, B074JLL5KS) the identical footnote marker is defined as 'At Expiration Date under recommended storage conditions', so this label most likely carries the same definition in label text the capture does not show, and should be read as a through-expiry guarantee rather than an undefined marker. The score is 0 either way, on attribution and on the absence of strain designations, but the earlier wording overstated the disclosure failure and is corrected here. C5 0: no publicly accessible third-party certificate of analysis located 2026-09-27 (listing images, site-scoped search). Garden of Life publishes certificates for its separate CBD line only; no equivalent was found for the supplement line. Recorded as a negative finding, not a claim that none exists. C6 1: serving size 1 capsule and servings per container 30 are both printed on the panel. Panel: captures/garden-of-life-men-panel-2026-09-27.png Listing: captures/garden-of-life-men-listing-2026-09-27.png",2026-09-27
Align Probiotic Bloating Relief + Food Digestion,Align,B0BS5L5JBH,0,0,1,0,0,1,2,"28ct variant, Amazon listing B0BS5L5JBH. C1 0: DIGEZYME Multi-enzyme Complex 23 mg is a blend total covering five enzymes (alpha-amylase, neutral protease, lactase, cellulase, lipase) with no per-enzyme amounts. Vitamin B12 2.4 mcg and the probiotic 10 mg do carry exact amounts, but a proprietary blend anywhere on the panel fails the criterion. C2 0: enzyme potency is expressed in activity units (alpha-amylase in DU, protease in HUT, lactase in ALU, cellulase in CU, lipase in FIP), not in milligrams. A combined weight with no activity declaration cannot be converted into the unit the evidence uses, which is the functional test stated in the methodology. Same judgment as the BIOMA XOS row; flagged on the same basis. C3 1: every form is named. Vitamin B12 as cyanocobalamin, the probiotic carries strain designation 35624, and the five enzymes are each named individually rather than as an undifferentiated 'enzyme blend'. C4 0 under methodology v1.13. The probiotic declares 1x10^9 CFU at manufacture but guarantees only 1x10^7 through the best-by date, ten times below the 1x10^8 capsule dose Whorwell 2006 (PMID 16863564) found superior to placebo. Vitamin B12 at 2.4 mcg is exactly the Daily Value, but the claimed outcome is bloating relief and food digestion rather than B12 repletion, and no adequate human trial was identified for B12 at that outcome. The enzymes sit inside a blend total, so none can be compared to a reference range under the attribution rule. C5 0: no publicly accessible third-party certificate of analysis located 2026-09-27. Same search as the Align Pro Formula row and the same limitation: the alignprobiotics.com footer could not be walked directly because the domain is blocked to this session's browser. Recorded as a negative finding, not a claim that none exists. C6 1: serving size 1 capsule and servings per container 28 are both printed on the panel. Note: the DIGEZYME weight is 23 mg, not 20 mg. The lower figure is what the listing thumbnail appears to show and was corrected by reading the panel at native resolution. Panel: captures/align-bloating-relief-panel-2026-09-27.png Listing: captures/align-bloating-relief-listing-2026-09-27.png",2026-09-27
Doctor's Recipes Women's Probiotic,Doctor's Recipes,B07YWJZJNY,0,0,0,0,0,1,1,"60ct variant, Amazon listing B07YWJZJNY. Included under the v1.9 ruling, since digestive is the first benefit named and the product is not vaginal-specific. C1 0: two proprietary blends. Probiotic Blend gives only an aggregate 50 Billion CFUs across 16 organisms, and Prebiotic Fiber Blend gives only a 250 mg total with no composition listed at all, not even ingredient names. Organic Cranberry Extract 50 mg is the single line carrying an exact amount. C2 0: Organic Cranberry Extract is declared as 50 mg of extract with no proanthocyanidin percentage. Cranberry is the textbook standardized botanical, its urinary-tract literature doses in mg of PACs, and 50 mg of unspecified extract cannot be converted into that unit. This is a cleaner instance of the same functional test applied to BIOMA's XOS. The Prebiotic Fiber Blend compounds it by naming no ingredients whatsoever. C3 0: all 16 organisms are named to genus and species only (Lactobacillus rhamnosus, Bifidobacterium longum and so on) with no strain designations. The listing title and the bottle front both advertise '16 Strains' while the panel identifies none of them, the same gap as rank 16. C4 0: the probiotics are CFU-declared with no strain designations and only an aggregate count, so no organism can be matched to a trial. Under v1.13 there is no through-expiry guarantee anywhere on the panel, and no at-manufacture qualifier either, so the delivered dose cannot be established. The Prebiotic Fiber Blend has no disclosed composition. Cranberry at 50 mg is unstandardized, and its trial literature addresses urinary tract outcomes rather than the digestive outcome this product is scored against. C5 0: no publicly accessible third-party certificate of analysis located 2026-09-27 (listing images, Amazon brand store, site-scoped search). Listing image 6 presents a 'Quality Checked at Every Stage' graphic with Testing and Additional Testing steps, which is a claim with no document behind it and is explicitly not a certificate under the methodology. Recorded as a negative finding, not a claim that none exists. C6 1: serving size 2 veggie capsules and servings per container 30 are both printed on the panel. Panel: captures/doctors-recipes-womens-panel-2026-09-27.png Listing: captures/doctors-recipes-womens-listing-2026-09-27.png",2026-09-27
NOW Supplements Probiotic-10,NOW Foods,B00L1GHMN0,0,1,1,0,0,0,2,"100ct variant, Amazon listing B00L1GHMN0. C1 0: 'Blend of 10 Strains of Probiotic Bacteria (25 Billion CFU)' is declared as a single 160 mg line with no per-strain amount or per-strain CFU split. A proprietary blend by the criterion's test, notwithstanding that every organism is named. C2 1: no standardization-dependent ingredient in the formula. The actives are live organisms quantified by strain and CFU rather than by a marker compound, so no percentage is required. C3 1: all ten organisms carry strain designations, La-14, Bl-04, Lp-115, Lc-11, Lr-32, Lpc-37, Bb-18, St-21, Ls-33 and Bl-05. Third product in the sample to take this point. C4 0: this product satisfies the v1.13 disclosure requirement and still fails on a separate ground. The label states 'This product is formulated to deliver a potency of 25 billion CFU through the Best By date', the first through-expiry guarantee found in the sample, so the delivered dose IS establishable. But the 25 billion is an aggregate across ten strains with no split, and the attribution rule bars a blend total from setting or satisfying a range for any single component. No strain can be compared to its own trial dose. The failure is a disclosure gap on the label, not a units problem in the literature. C5 0: no publicly accessible third-party certificate of analysis located for this product on 2026-09-27. NOW does operate a public lot-number certificate portal at cofa.nowfoods.com with no email gate or account, which would satisfy the criterion, but it is scoped to NOW's essential oils and does not cover supplements; the sample lot record checked was Peppermint Oil. Listing image 6 presents Intertek GMP certification, which the methodology excludes explicitly as a facility certificate rather than a product one. Recorded as a negative finding, not a claim that none exists. C6 0: serving size 1 Veg Capsule is stated but servings per container is absent from the Supplement Facts panel, the same failure as Seed DS-01, Culturelle and Nature's Bounty. Panel: captures/now-probiotic-10-panel-2026-09-27.png Listing: captures/now-probiotic-10-listing-2026-09-27.png",2026-09-27
Culturelle Daily Chewable Probiotics for Kids,Culturelle,B007G7JP2O,1,1,1,0,0,0,3,"30ct chewable variant, Amazon listing B007G7JP2O. C1 1: the single active carries an exact amount, Lactobacillus rhamnosus GG 26 mg (5 billion CFUs). No proprietary blend anywhere on the panel. C2 1: no standardization-dependent ingredient in the formula. C3 1: LGG is a strain designation, and it is the example the methodology itself uses for criterion 3. C4 0, and on dose rather than on any unit or disclosure technicality. The label delivers 5x10^9 CFU per day. Vanderhoof 1999 (PMID 10547243), the pediatric LGG trial, dosed 1x10^10 to 2x10^10 CFU/day in children aged 6 months to 10 years and found a significant reduction in antibiotic-associated diarrhoea. This product provides one quarter to one half of the trial dose. The clinical-doses.csv row for LGG was carrying a 2026-09-07 flag reading 'NOT YET VERIFIED against PubMed... verify before relying on it'; it was verified and replaced with a real range before this score was assigned. C5 0: no publicly accessible third-party certificate of analysis located 2026-09-27 (listing images, culturelle.com, site-scoped and open web search), consistent with the same finding for Culturelle Pro Strength on 2026-09-26. Recorded as a negative finding, not a claim that none exists. C6 0: serving size 'One (1) Tablet' is stated but servings per container is absent from the Supplement Facts panel. The carton front reads '30 once daily chewable tablets', which is not the panel. Same failure as Culturelle Pro Strength, Seed DS-01, Nature's Bounty and NOW Probiotic-10. Panel: captures/culturelle-kids-chewable-panel-2026-09-27.png Listing: captures/culturelle-kids-chewable-listing-2026-09-27.png",2026-09-27
Lemme Debloat Digestive & Gut Health Gummies,Lemme,B0BHJ55LNQ,0,0,1,0,0,1,2,"60ct variant, Amazon listing B0BHJ55LNQ. C1 0: 'Digestive Probiotic Blend 44 mg' gives a blend total for two organisms with no per-organism amount, and notably no CFU count anywhere on the panel at all, which is unusual even among the blends in this sample. Xylooligosaccharides 80 mg does carry an exact amount. C2 0: XOS is declared as 80 mg with no purity percentage. This is the same case as BIOMA, where commercial XOS is sold at graded purities from roughly 35 to 95 percent and the reference range is expressed as XOS rather than as extract weight. Scored consistently with that row. C3 1: both organisms carry strain designations, Bacillus coagulans MTCC 5856 (LactoSpore) and Bacillus subtilis DE111. The listing's claim of 'two clinically studied strains' is, unlike several other products in this sample, actually supported by the panel. C4 0: XOS at 80 mg falls far below the 1.4 to 8 g/day reference range, reaching under 6 percent of the low end even if the 80 mg were 100 percent XOS, which the label does not establish. The probiotics sit inside a 44 mg blend total with no CFU declared, so neither strain can be compared to any trial dose under the attribution rule, and under v1.13 no delivered potency is established either. C5 0: no publicly accessible third-party certificate of analysis located 2026-09-27 (listing images, brand site, site-scoped and open web search). Listing image 5 displays a Clean Label Project Purity Award, which is a certification mark rather than a product certificate of analysis and is excluded on the same basis the methodology excludes GMP and facility certificates. Recorded as a negative finding, not a claim that none exists. C6 1: serving size 2 gummies and servings per container 30 are both printed on the panel. Panel: captures/lemme-debloat-panel-2026-09-27.png Listing: captures/lemme-debloat-listing-2026-09-27.png",2026-09-27
MaryRuth Organics Kids Probiotics,MaryRuth Organics,B08T6N3DKY,1,1,1,0,0,1,4,"60ct variant, Amazon listing B08T6N3DKY. C1 1: the single active carries an exact amount, Bacillus subtilis (DE111) 8.33 mg (2.5 Billion CFU). No proprietary blend on the panel. C2 1: no standardization-dependent ingredient in the formula. C3 1: DE111 is a strain designation, not the species alone. C4 0: no positive-outcome human trial for DE111 at a gastrointestinal outcome was identified on 2026-09-27, and no paediatric trial of the strain was identified at any dose, which is the population this product is sold for. The two DE111 trials that measured gut endpoints both reported no effect (Freedman 2021 PMID 33671071; Townsend 2018 PMID 30049931), and under the positive-outcome-trials-only rule a null trial does not set a range. The reference table row records the full search per the negative-findings rule. Note the label itself is not the problem here: it discloses the dose in both mg and CFU and names the strain, so a buyer could check it if the evidence existed to check it against. The failure is in the evidence base, and the objection recorded under v1.11 applies with full force to this row. C5 0: no publicly accessible third-party certificate of analysis located 2026-09-27 (listing images, maryruthorganics.com including the quality page, site-scoped and open web search). The listing and site display Clean Label Project Purity Award and B Corp certification marks, which are certifications rather than product certificates of analysis and are excluded on the same basis as GMP marks. Recorded as a negative finding, not a claim that none exists. C6 1: serving size 1 gummy and servings per container 60 are both printed on the panel. Panel: captures/maryruth-kids-panel-2026-09-27.png Listing: captures/maryruth-kids-listing-2026-09-27.png",2026-09-27
NewRhythm Probiotics 50 Billion CFU,NewRhythm,B071DZQLPQ,0,1,0,0,0,1,2,"60ct variant, Amazon listing B071DZQLPQ. C1 0: two blends. Probiotic Blend gives only an aggregate 50 Billion CFU across 20 organisms, and Premium Prebiotic Fiber Blend gives only a 150 mg total with no ingredients named at all. C2 1, and this is a judgment call worth stating. No ingredient identified on the panel is standardization-dependent: the actives are live organisms, and the prebiotic blend names nothing that requires a marker percentage. The criterion says in terms that a product scores 1 by default when nothing in the formula requires a stated percentage. The uncomfortable consequence is that a blend disclosing no ingredients cannot be shown to need a percentage, so non-disclosure is not penalised here. That non-disclosure is already captured, heavily, by criterion 1, and scoring it twice would double-count one failure. Flagged for review. C3 0: all 20 organisms are named to genus and species only, most of them abbreviated (L. acidophilus, B. lactis, Pediococcus pentosaceus and so on), with no strain designations anywhere. The listing title and the bottle front both advertise '20 Strains'. Third product in the sample to market strain counts while naming no strains. C4 0: the probiotics are an aggregate with no per-organism split and no strain designations, so nothing can be matched to a trial under the attribution rule. On v1.13, the footnote reads 'Contains a minimum of 50 billion live bacteria when manufactured, and provides viable levels until at least the best by date'. The at-manufacture count is a number; the through-expiry assurance is the phrase 'viable levels', which is not a quantity. No delivered dose is established. The contrast with NOW Probiotic-10, whose label commits to a specific figure through the Best By date, is the distinction v1.13 was written to draw. The prebiotic blend discloses no composition. C5 0: no publicly accessible third-party certificate of analysis located 2026-09-27 (listing images, brand site, site-scoped and open web search). The bottle front prints '3RD PARTY TESTED' and listing image 6, headed 'We take test seriously', shows specification tables for microbiological and heavy metal contamination with generic passed marks, carrying no laboratory name, no batch or lot number, no numerical results and no date. That is a testing claim without a document behind it, which the methodology excludes explicitly. Recorded as a negative finding, not a claim that none exists. C6 1: serving size 2 veggie capsules and servings per container 30 are both printed on the panel. Panel: captures/newrhythm-50-billion-panel-2026-09-27.png Listing: captures/newrhythm-50-billion-listing-2026-09-27.png",2026-09-27
Digestive Advantage Probiotic Gummies,Digestive Advantage,B00C1C21S4,1,1,1,0,0,1,4,"80ct variant, Amazon listing B00C1C21S4. C1 1: both actives carry exact amounts, Vitamin D (as cholecalciferol) 8 mcg and BC30 Bacillus coagulans GBI-30, 6086 at 4.67 mg (1 Billion CFUs). No proprietary blend on the panel. C2 1: no standardization-dependent ingredient in the formula. C3 1: both forms are named. Vitamin D is specified as cholecalciferol rather than 'vitamin D', and the probiotic carries the full depositary strain designation GBI-30, 6086. C4 0 under methodology v1.13. The CFU figure is marked with a double-dagger footnote that is never defined anywhere on the Supplement Facts panel: the panel defines *, ** and the single dagger, and the double dagger appears only against '1 Billion CFUs'. No at-manufacture qualifier and no through-expiry guarantee is therefore established, and the delivered dose cannot be determined. Independently, the only trial identified for this strain at this outcome (Hun 2009, PMID 19332970) states no CFU dose in its abstract, so no reference range exists to compare against even if the delivered dose were established. Vitamin D at 8 mcg is a nutrient at roughly 40 percent of the adult Daily Value, not a dose aimed at the bloating and abdominal discomfort outcome this product claims. C5 0: no publicly accessible third-party certificate of analysis located 2026-09-27 (listing images, the schiffvitamins.com product page, site-scoped and open web search). The page carries the claim that the 'clinically tested BC30 probiotic' survives stomach acid '100x better versus yogurts', with no document behind it, which the methodology excludes explicitly. Recorded as a negative finding, not a claim that none exists. C6 1: serving size 2 gummies and servings per container 40 are both printed on the panel. Panel: captures/digestive-advantage-gummies-panel-2026-09-27.png Listing: captures/digestive-advantage-gummies-listing-2026-09-27.png",2026-09-27
Phillips' Colon Health Daily Probiotic,Phillips',B007RA0ZAQ,0,1,1,0,0,0,2,"60ct variant, Amazon listing B007RA0ZAQ. C1 0: the panel line reads 'Proprietary Blend: 3 Billion CFUs' in those exact words, covering two organisms with no split between them. The most explicit proprietary blend in the sample; most others use a branded blend name instead. C2 1: no standardization-dependent ingredient in the formula. C3 1: both organisms carry strain designations, Lactobacillus rhamnosus (LGG) and Bifidobacterium animalis subsp. lactis (BB-12). Two of the best-characterised strains in the probiotic literature, named properly. C4 0: the 3 Billion CFU figure is an aggregate across two strains with no split, so neither can be compared to its own trial range under the attribution rule. The point survives even the most generous possible reading: if the entire 3x10^9 CFU were LGG, it would still fall below the 1x10^10 to 2x10^10 CFU/day range verified from Vanderhoof 1999 (PMID 10547243), so no allocation of the blend puts LGG in range. Under v1.13 no through-expiry guarantee and no at-manufacture qualifier appears anywhere on the panel either. C5 0: no publicly accessible third-party certificate of analysis located 2026-09-27 (listing images, phillipsdigestive.com, site-scoped and open web search). Recorded as a negative finding, not a claim that none exists. C6 0: serving size 1 capsule is stated but servings per container is absent from the Supplement Facts panel. The carton front reads '60 capsules', which is not the panel. Panel: captures/phillips-colon-health-panel-2026-09-27.png Listing: captures/phillips-colon-health-listing-2026-09-27.png",2026-09-27
Garden of Life Dr. Formulated Kids+ Probiotics,Garden of Life,B074JLL5KS,0,0,0,0,0,1,1,"30ct Cherry chewable variant, Amazon listing B074JLL5KS. C1 0: two blends. Kids Probiotic Blend 71 mg covers 14 organisms with no per-organism amount, and Organic Prebiotic Fiber Blend 310 mg covers acacia fiber, whole cranberry and emblic (amla) extract with no per-ingredient amount. Vitamin C 30 mg and Vitamin D 10 mcg do carry exact amounts. C2 0: the prebiotic blend contains Organic Whole Cranberry and Organic Emblic (Amla) Extract, both standardization-dependent (cranberry by proanthocyanidins, amla extract by tannin or vitamin C content), and neither carries a percentage or even an individual weight. Same basis as the Doctor's Recipes row. C3 0: all 14 organisms are named to genus and species only with no strain designations. Vitamin D is properly specified as D3, but a single undesignated organism is enough to fail the criterion and there are fourteen. The carton front advertises '14 PROBIOTIC STRAINS'. C4 0, and this product passes the v1.13 disclosure test while still failing. The footnote reads '1 At Expiration Date under recommended storage conditions', so the 5 Billion CFU is guaranteed through expiry and the delivered dose IS established, only the second label in the sample to do this after NOW Probiotic-10. It fails on attribution instead: the 5 Billion is an aggregate across 14 organisms, split only into Lacto (4 Billion) and Bifido (1 Billion) sub-totals, so no organism can be compared to its own trial range, and none carries a strain designation to look up in any case. The prebiotic blend is likewise an undifferentiated total. Vitamins C and D are nutrients at 33 and 50 percent of Daily Value, not doses aimed at the digestive outcome claimed. C5 0: no publicly accessible third-party certificate of analysis located 2026-09-27, consistent with the finding for Garden of Life Dr Formulated Probiotics for Men on the same date. The panel carries NSF Gluten-Free, Non-GMO Project Verified, USDA Organic and a 'Shelf Stable Potency Promise' mark, all of which are certifications or claims rather than product certificates of analysis. Recorded as a negative finding, not a claim that none exists. C6 1: serving size 1 chewable and servings per container 30 are both printed on the panel. Panel: captures/garden-of-life-kids-panel-2026-09-27.png Listing: captures/garden-of-life-kids-listing-2026-09-27.png",2026-09-27
