rank,product,brand,asin,first_listed_claim,included,exclusion_reason,scored_in,capture_date,notes
1,Physician's CHOICE Probiotics 60 Billion CFU,Physician's Choice,B079H53D2B,"Immune, Digestive & Gut Health",1,,pilot-scores.csv,2026-09-26,"Compound opening benefit phrase names several systems together, so digestive counts as first-listed under v1.7. Rank, title and ASIN read from captures/amazon-probiotics-bestsellers-top30-2026-09-26.png"
2,Garden of Life Dr. Formulated Once Daily Women's Probiotics,Garden of Life,B00Y8MP4G6,"Vaginal Health, Digestive Support, Immune Support",0,First-listed benefit is vaginal health; digestive support appears second.,,2026-09-26,"Rank, title and ASIN read from captures/amazon-probiotics-bestsellers-top30-2026-09-26.png"
3,Physician's CHOICE Probiotics for Women,Physician's Choice,B07B8BSGPL,"PH Balance, Digestive, UT, & Feminine Health",0,First-listed benefit is vaginal pH balance; product is a feminine-health probiotic.,,2026-09-26,"Rank, title and ASIN read from captures/amazon-probiotics-bestsellers-top30-2026-09-26.png"
4,Seed DS-01 Daily Synbiotic,Seed,B0CMJR4XGR,Digestive & Gut Health,1,,pilot-scores.csv,2026-09-26,"Title carries no benefit phrase; primary bullet opens with digestive and gut health. ASIN confirmed against the 09/26 ranking. Rank, title and ASIN read from captures/amazon-probiotics-bestsellers-top30-2026-09-26.png"
5,Culturelle Pro Strength Probiotics,Culturelle,B08Y66H6B7,Digestive Gut Health,1,,pilot-scores.csv,2026-09-26,"Rank, title and ASIN read from captures/amazon-probiotics-bestsellers-top30-2026-09-26.png"
6,ZBiotics Pre-Alcohol Probiotic,ZBiotics,B0BX7C6H99,"Drink Responsibly, for an Easier Tomorrow",0,Unrelated function: pre-alcohol support. No digestive claim in the title.,,2026-09-26,"Rank, title and ASIN read from captures/amazon-probiotics-bestsellers-top30-2026-09-26.png"
7,vH essentials Probiotics for Women,vH essentials,B00HSMS5OQ,"gut, vaginal & urinary health",0,"Excluded under the v1.9 ruling. The benefit phrase names gut first, but vH essentials is a feminine-health line: the title leads 'Probiotics for Women with Prebiotics and Cranberry' and gut appears only inside a later benefit string.",,2026-09-26,"Ruled 2026-09-26 under methodology v1.9. Rank, title and ASIN read from captures/amazon-probiotics-bestsellers-top30-2026-09-26.png"
8,Nature's Bounty Probiotic Acidophilus,Nature's Bounty,B0014CVXMW,Digestive Health,1,,pilot-scores.csv,2026-09-26,"Rank, title and ASIN read from captures/amazon-probiotics-bestsellers-top30-2026-09-26.png"
9,Florastor Probiotic,Florastor,B01NB0G1V8,Digestive and Immune Health,1,,pilot-scores.csv,2026-09-26,"Rank, title and ASIN read from captures/amazon-probiotics-bestsellers-top30-2026-09-26.png"
10,Lemme Purr Vaginal Probiotic Gummies,Lemme,B0BSMJJX3K,"Balanced pH, Healthy Odor, Yeast Balance",0,Vaginal health is the first and primary claim.,,2026-09-26,"Rank, title and ASIN read from captures/amazon-probiotics-bestsellers-top30-2026-09-26.png"
11,Culturelle Probiotics for Women 4-in-1,Culturelle,B079G4N8K2,"Vaginal, Urinary Tract, Digestive & Immune",0,First-listed benefit is vaginal health.,,2026-09-26,"Rank, title and ASIN read from captures/amazon-probiotics-bestsellers-top30-2026-09-26.png"
12,Happy V Vaginal Probiotics,Happy V,B07V6ZKZXM,"Odor & Itch Support, Urinary & Gut Health",0,Vaginal health is the first and primary claim.,,2026-09-26,"Rank, title and ASIN read from captures/amazon-probiotics-bestsellers-top30-2026-09-26.png"
13,"Align Probiotic, Pro Formula",Align,B08B7BWHJ8,Digestive Health,1,,,2026-09-26,"Rank, title and ASIN read from captures/amazon-probiotics-bestsellers-top30-2026-09-26.png"
14,RepHresh Pro-B Vaginal Probiotic,RepHresh,B001FOPQQS,Balances Yeast and Bacteria to Maintain Feminine Health,0,Vaginal health is the first and primary claim.,,2026-09-26,"Rank, title and ASIN read from captures/amazon-probiotics-bestsellers-top30-2026-09-26.png"
15,BIOMA Probiotics,BIOMA,B0F5J1XZHC,Digestive Health Probiotic,1,,pilot-scores.csv,2026-09-26,"Inclusion unambiguous: the title opens with the digestive claim. Rank, title and ASIN read from captures/amazon-probiotics-bestsellers-top30-2026-09-26.png"
16,Garden of Life Dr Formulated Probiotics for Men,Garden of Life,B00Y8MP5VA,Digestive Health,1,,,2026-09-26,"Rank, title and ASIN read from captures/amazon-probiotics-bestsellers-top30-2026-09-26.png"
17,Align Probiotic Bloating Relief + Food Digestion,Align,B0BS5L5JBH,Bloating Relief + Food Digestion,1,,,2026-09-26,"Rank, title and ASIN read from captures/amazon-probiotics-bestsellers-top30-2026-09-26.png"
18,Doctor's Recipes Women's Probiotic,Doctor's Recipes,B07YWJZJNY,Digestive Immune Vaginal & Urinary Health,1,,,2026-09-26,"Ruled 2026-09-26 under methodology v1.9: digestive is the first benefit named and the product is not vaginal-specific, so the literal first-listed test governs. Rank, title and ASIN read from captures/amazon-probiotics-bestsellers-top30-2026-09-26.png"
19,Itiban Feminine Vaginal Probiotics Gummies,Itiban,B0FLNDZHFF,pH Balance & Digestive Health,0,Vaginal health is the first and primary claim.,,2026-09-26,"Rank, title and ASIN read from captures/amazon-probiotics-bestsellers-top30-2026-09-26.png"
20,NOW Supplements Probiotic-10,NOW,B00L1GHMN0,GI tract (primary bullet),1,,,2026-09-26,"Ruled 2026-09-26 under methodology v1.10. Title carries no benefit phrase. The primary bullet reads '10 PROBIOTIC STRAINS: ... acid-resistant probiotic bacterial strains that are known to naturally colonize the human GI tract', naming the gut and no competing system, so the product passes. Title and bullet source: captures/now-probiotic-10-listing-2026-09-26.png. Rank, title and ASIN read from captures/amazon-probiotics-bestsellers-top30-2026-09-26.png"
21,Culturelle Daily Chewable Probiotics for Kids,Culturelle,B007G7JP2O,"Digestive, Gut, Oral & Immune Health",1,,,2026-09-26,"Rank, title and ASIN read from captures/amazon-probiotics-bestsellers-top30-2026-09-26.png"
22,Lemme Debloat Digestive & Gut Health Gummies,Lemme,B0BHJ55LNQ,Digestive & Gut Health,1,,,2026-09-26,"Rank, title and ASIN read from captures/amazon-probiotics-bestsellers-top30-2026-09-26.png"
23,BioGaia Prodentis Oral Probiotics,BioGaia,B07JC27112,Teeth & Gums and Bad Breath,0,Oral and dental health is the first and primary claim.,,2026-09-26,"Rank, title and ASIN read from captures/amazon-probiotics-bestsellers-top30-2026-09-26.png"
24,MaryRuth Organics Kids Probiotics,MaryRuth Organics,B08T6N3DKY,Digestive Health,1,,,2026-09-26,"Rank, title and ASIN read from captures/amazon-probiotics-bestsellers-top30-2026-09-26.png"
25,NewRhythm Probiotics 50 Billion CFU,NewRhythm,B071DZQLPQ,Digestive Health and Immune Health (third bullet),1,,,2026-09-26,"Ruled 2026-09-26 under methodology v1.10. Neither the title nor the primary bullet carries a health claim: the title is all format and quality attributes and the primary bullet is a manufacturing claim ('Made in New York, USA'). Read down to the first bullet naming a benefit, which opens 'Digestive Health and Immune Health', so digestive is first-listed and the product passes. Title and bullet source: captures/newrhythm-50-billion-listing-2026-09-26.png. Rank, title and ASIN read from captures/amazon-probiotics-bestsellers-top30-2026-09-26.png"
26,Digestive Advantage Probiotic Gummies,Digestive Advantage,B00C1C21S4,Digestive Health,1,,,2026-09-26,"Rank, title and ASIN read from captures/amazon-probiotics-bestsellers-top30-2026-09-26.png"
27,AZO Complete Feminine Balance,AZO,B074BLLV81,Vaginal pH and Yeast Balance,0,Vaginal health is the first and primary claim.,,2026-09-26,"Rank, title and ASIN read from captures/amazon-probiotics-bestsellers-top30-2026-09-26.png"
28,AZO Dual Protection Urinary + Vaginal,AZO,B08WW9QR7H,Urinary Tract Health,0,Urinary and vaginal health are the first and primary claims.,,2026-09-26,"Rank, title and ASIN read from captures/amazon-probiotics-bestsellers-top30-2026-09-26.png"
29,Phillips' Colon Health Daily Probiotic,Phillips',B007RA0ZAQ,"Occasional Gas, Bloating, Constipation, and Diarrhea",1,,,2026-09-26,"Rank, title and ASIN read from captures/amazon-probiotics-bestsellers-top30-2026-09-26.png"
30,Garden of Life Dr. Formulated Kids+ Probiotics,Garden of Life,B074JLL5KS,Digestive Health Support,1,,,2026-09-26,"Rank, title and ASIN read from captures/amazon-probiotics-bestsellers-top30-2026-09-26.png"
